names,stability,coefficients_mean,abs_coefficients_mean,scaled_coefficients,plink_position,plink_p_value
12:1077031:G:A_A,10,0,0,0.5787369475,-,-
12:3438348:A:C_C,10,0,0,0.5787369475,-,-
12:6625333:A:G_A,10,0,0,0.5787369475,-,-
12:9747744:T:TA_TA,10,0,0,0.5787369475,-,-
12:12422405:A:G_G,10,0,0,0.5787369475,-,-
12:13774523:G:GA_G,10,0,0,0.5787369475,-,-
12:14886455:A:G_G,10,0,0,0.5787369475,-,-
12:15670756:A:G_G,10,0,0,0.5787369475,158,0.0005472
12:15670910:G:A_A,10,0,0,0.5787369475,197,0.000709
12:15675123:T:A_A,10,0,0,0.5787369475,228,0.0008639
12:15678516:T:C_C,10,0.0008323704,0.0008323704,0.5810213572,259,0.0009656
12:15682401:T:TA_TA,10,7.02E-05,7.02E-05,0.578929594,-,-
12:15682904:G:A_A,10,0,0,0.5787369475,263,0.0009656
12:18262394:G:A_A,10,0.0004450034,0.0004450034,0.5799582428,-,-
12:19702673:C:T_T,10,0,0,0.5787369475,-,-
12:22862003:G:A_G,10,0,0,0.5787369475,315,0.001178
12:24387383:T:C_T,10,0,0,0.5787369475,-,-
12:25411685:TA:T_T,10,0,0,0.5787369475,-,-
12:28782170:A:G_G,10,0,0,0.5787369475,-,-
12:29796624:T:TTA_TTA,10,0,0,0.5787369475,2094,0.009484
