names,stability,coefficients_mean,abs_coefficients_mean,scaled_coefficients,plink_position,plink_p_value
12:15670188:T:C_C,10,0,0,0.8466,25,0.0003145
12:15670756:A:G_G,10,0,0,0.8466,26,0.0003145
12:15675123:T:A_A,10,0,0,0.8466,156,0.0005083
12:15677992:A:T_T,10,0,0,0.8466,169,0.0005511
rs6487465_C,10,0,0,0.8466,1498,0.00444
12:63058957:A:G_G,10,0,0,0.8466,1411,0.004187
12:64966695:T:C_C,10,0,0,0.8466,29,0.0003544
12:65995405:C:G_C,10,0,0,0.8466,-,-
12:91194805:T:C_T,10,0,0,0.8466,956,0.002637
12:91194966:T:C_T,10,0,0,0.8466,897,0.002419
12:118385788:G:T_G,10,0,0,0.8466,1683,0.00529
12:127933561:C:CT_C,10,0,0,0.8466,7,0.00009185
12:127933756:A:G_A,10,0,0,0.8466,9,0.0001938
12:132695710:G:A_G,10,0,0,0.8466,-,-
