names;stability;importances_mean;abs_importances_mean;scaled_importances
b'2:1625336:G:A_A';49;0.0003770089;0.0003770089;0.0119360786
b'2:49010076:C:T_C';48;0.0026197483;0.0026197483;0.0829410639
b'2:3820523:G:A_A';47;9.61E-05;9.61E-05;0.0030437143
b'2:66718578:G:T_T';47;0.0003542459;0.0003542459;0.0112154029
b'2:66720978:G:T_T';47;0.0004165407;0.0004165407;0.0131876529
b'rs201612906:3870138:ATT:A_A';46;0.0004654963;0.0004654963;0.014737583
b'2:66709428:A:T_T';46;0.0009974247;0.0009974247;0.0315784014
b'rs35971797:66948425:GTT:G_G';46;0.0005166043;0.0005166043;0.0163556603
b'2:141451908:C:A_C';45;0.0008099647;0.0008099647;0.0256434309
b'2:143275393:G:A_A';45;0.0006495953;0.0006495953;0.0205661443
