names,stability,importances_mean,abs_importances_mean,scaled_importances
b'12:91194805:T:C_T',40,0.0011800417,0.0011800417,0.0277235495
b'12:91194966:T:C_T',40,0.0010862301,0.0010862301,0.0255195679
b'rs10459132_T',36,0.0006885179,0.0006885179,0.0161758345
b'12:106251024:T:A_A',38,0.0006112946,0.0006112946,0.0143615727
b'12:48321699:A:G_G',39,0.0004786238,0.0004786238,0.0112446459
b'12:127933561:C:CT_C',35,0.0003896104,0.0003896104,0.0091533907
b'12:48338746:C:T_T',37,0.0003819208,0.0003819208,0.0089727348
b'12:48322271:C:G_G',38,0.0003645363,0.0003645363,0.0085643081
b'12:118034656:G:T_G',36,0.0003508314,0.0003508314,0.0082423279
b'12:65004387:C:T_T',38,0.0003396594,0.0003396594,0.0079798569
b'12:43261051:C:G_G',38,0.0003049296,0.0003049296,0.0071639264
b'12:77395400:A:G_G',36,0.0003046855,0.0003046855,0.0071581907
b'12:128734516:A:G_A',35,0.0001169839,0.0001169839,0.0027483849
b'12:48356881:C:T_C',35,7.53E-05,7.53E-05,0.0017687732
b'12:43920033:T:C_C',37,0,0,0
